,A,B,C,D
2000-01-01,-0.000713309059926,-2.57403389723,-0.388043378421,0.586308696732
2000-01-02,0.563112252717,-1.46766247375,-0.689510713378,-0.128311012246
2000-01-03,1.00963800072,-1.45359973518,1.21178346486,-0.116450870656
2000-01-04,1.92032104878,-0.593469348635,2.94383982301,-0.289962033532
2000-01-05,3.63216618041,0.92007728049,1.79926557042,-1.13317211812
2000-01-06,2.74826984145,2.23215923342,1.86380804822,-1.33788516925
2000-01-07,1.93813541435,2.43518525565,0.95406127926,-2.71919231624
2000-01-08,1.87287183091,1.01107286019,1.96304716697,-2.54264114108
2000-01-09,2.52028971689,0.242781123757,2.2947327247,-2.25714431587
2000-01-10,3.13415596921,-1.04206989017,2.81700546591,-3.29718141253
2000-01-11,6.00073228224,-0.416613664762,1.22930570423,-2.31700751883
2000-01-12,5.42460607989,-1.84018254791,2.32511221813,-1.67119155669
2000-01-13,5.64000577756,-1.53795414008,0.905918911936,-2.16695474374
2000-01-14,4.99914964845,-1.28685911864,0.330575135935,-1.67475037157
2000-01-15,5.89191248252,-1.17876277718,0.277715022686,-3.13523400412
2000-01-16,6.05100407743,-0.262298152544,-0.548421631134,-4.15870097305
2000-01-17,5.77118033444,-0.583857268426,-1.71866511621,-5.20755654318
2000-01-18,5.69673179194,-0.906279201657,-2.51120413451,-3.05339527071
2000-01-19,5.58592026179,0.906328049922,-3.09070397889,-4.76160805115
2000-01-20,4.8236504046,-0.290444099392,-3.8777919756,-3.79248355525
2000-01-21,5.03104975995,-0.14365378806,-2.87388014149,-3.69058872499
2000-01-22,5.59527366967,-1.8796470198,-3.67003737824,-3.62750595629
2000-01-23,5.21919361759,-1.2018437798,-4.21146750593,-2.4487399057
2000-01-24,6.18899254283,-0.82769826211,-4.05923434826,-2.46524727351
2000-01-25,6.62147787816,-0.306018871127,-1.49530530145,-2.49224814834
2000-01-26,7.97162226219,-0.820890244181,-0.658597263695,-4.30202548071
2000-01-27,6.75753776801,-2.7499935011,0.978701150711,-5.94128151457
2000-01-28,7.35976006219,-3.50226939096,0.605321901491,-4.91917071538
2000-01-29,7.1730229974,-3.94549877457,1.20704947922,-4.802078789
2000-01-30,8.59063727417,-3.96986727353,0.786948001553,-4.32887162607
2000-01-31,10.2043429885,-1.31884941211,-0.455455188572,-5.21637590084
2000-02-01,11.6244443478,-2.73270471828,0.464753633421,-4.84317026658
2000-02-02,11.8649189208,-1.37605326385,1.37426824927,-7.35389924455
2000-02-03,11.0100671539,-1.85816305983,2.78853877497,-6.50081176228
2000-02-04,11.1969852426,-1.96845836019,3.08871788742,-6.60180236228
2000-02-05,12.2231808493,-3.23259725553,4.09446141031,-7.0360714335
2000-02-06,11.8092182258,-3.48558730343,3.47056668416,-6.44250974753
2000-02-07,10.1755608012,-1.42205481721,2.55753229418,-6.13187506602
2000-02-08,9.54265820251,-2.01989571844,2.69678462654,-6.99352568672
2000-02-09,9.87121951164,-2.8178083262,3.14356406479,-6.05916174925
2000-02-10,10.2440931766,-3.26311916344,3.18526813688,-6.29288612701
2000-02-11,11.1083735103,-3.69456081451,3.60038563354,-5.9961941446
2000-02-12,12.9020819773,-3.90845296048,3.51329659401,-5.77002009766
2000-02-13,12.5654383141,-2.49211535037,3.17543114436,-6.01935208854
2000-02-14,12.2625214805,-0.266478244293,3.85179559577,-3.74839114224
2000-02-15,11.6111930355,-0.0684964973243,3.97634762952,-2.85571631678
2000-02-16,10.8734654192,0.285261406101,4.07556931034,-3.60926016301
2000-02-17,9.38989124892,-1.38071652261,3.53684125984,-4.987942031
2000-02-18,7.39096883858,-0.219616930832,2.75983450737,-5.42070391116
2000-02-19,7.61631531189,0.255465797834,4.18162301748,-5.96668787069
2000-02-20,10.2045132085,-1.7692983133,4.89549296659,-5.50542704582
2000-02-21,11.3528962304,-2.72632224387,3.64519763662,-5.765476672
2000-02-22,11.6838435876,-2.63887550309,3.7018750668,-8.0831089484
2000-02-23,11.7674921197,-2.40787702873,2.48076128019,-7.50728816759
2000-02-24,11.4755300078,-2.12577921775,1.84054430631,-8.22941218884
2000-02-25,11.6623032409,-3.75585993175,1.82705551496,-9.5617674771
2000-02-26,11.8889438514,-3.6535548324,2.56822292946,-8.77419454688
2000-02-27,10.0939234832,-4.97106062057,1.71368594188,-5.74399077755
2000-02-28,10.4559505421,-3.54003287549,2.34542696143,-5.48181129074
2000-02-29,12.062728404,-4.03004698508,2.91294604277,-5.45784227815
2000-03-01,12.9209545135,-4.75562887234,2.64808210667,-5.05725968027
2000-03-02,12.4787568173,-4.17912707352,2.60492273692,-5.87211448376
2000-03-03,12.9563303866,-3.12402748194,2.93251606416,-5.9074422534
2000-03-04,11.7883693141,-4.05312382742,2.99310202579,-7.81873582793
2000-03-05,9.67873480162,-4.01936851808,3.31432479436,-9.85712766624
2000-03-06,10.1693565498,-3.26345246024,2.26064077906,-8.94614459378
2000-03-07,8.00583407171,-2.9193989342,2.62152356846,-8.83816307497
2000-03-08,8.47364101375,-3.15294692177,1.80656345042,-9.14823711415
2000-03-09,9.50128486055,-2.83084145333,1.7965701284,-9.0455930379
2000-03-10,7.92205099916,-3.33909809309,1.09418771874,-8.7692640851
2000-03-11,7.68082851724,-2.97275980413,0.926263609092,-8.65702913208
2000-03-12,8.51503020443,-2.42477542475,1.38211997657,-6.93728193087
2000-03-13,10.6810851867,-3.81238268116,0.467407447538,-7.05234813403
2000-03-14,11.4881353707,-3.23542446893,0.277940076357,-7.33893293554
2000-03-15,9.68444583281,-2.33714722517,-0.10326703324,-7.27354052231
2000-03-16,11.0238722264,-1.70334322977,-0.903667719974,-6.74355944932
2000-03-17,10.665984681,-1.02804339752,-0.685665813256,-6.61606568812
2000-03-18,9.68940564236,-2.45772466105,-0.868004899975,-7.17578536474
2000-03-19,10.2391941606,-4.44499927624,-3.369743966,-8.33737388403
2000-03-20,9.2965345946,-5.67073000917,-2.52409814316,-7.64488008773
2000-03-21,8.52987674662,-5.61727691575,-2.54427834011,-7.94237777653
2000-03-22,6.99243757064,-4.81704088343,-0.851743989212,-7.11161027921
2000-03-23,4.93240426433,-4.90514763054,-0.155304121213,-7.5415671987
2000-03-24,4.33582014821,-3.80465212769,0.246982743795,-6.75267404403
2000-03-25,5.25340353032,-4.30109997654,1.22515152107,-5.97315626973
2000-03-26,6.3151802935,-6.11742757206,3.56444675449,-6.74897738229
2000-03-27,7.10192272376,-4.23542064916,5.15095770259,-7.02135397472
2000-03-28,5.89182356598,-3.56725228716,6.85550120971,-7.03493070333
2000-03-29,6.12725214098,-3.51185785382,7.29217635869,-6.99510179667
2000-03-30,6.07690571208,-1.08793892995,6.85031394183,-6.78926991653
2000-03-31,4.30900471878,-0.431557807682,5.51892388792,-5.73937109305
2000-04-01,4.66762186334,-0.55176440712,7.42529404891,-6.78894204989
2000-04-02,4.66704318976,-1.07605948002,9.13998087717,-7.25596523958
2000-04-03,3.73904537148,-1.26958635279,9.73072610366,-8.15904882047
2000-04-04,2.01882440458,-1.71884372257,9.75591366796,-8.05702160933
2000-04-05,-0.101867954858,-1.77095885745,10.7058115519,-6.95403737292
2000-04-06,1.51327441693,-2.31562139045,10.9762624612,-6.43859936073
2000-04-07,0.891633278571,-1.6494189583,10.8127472956,-8.7031610421
2000-04-08,1.11243246346,-2.79986784938,8.7408261681,-9.01627513649
2000-04-09,-0.571301378287,-2.17556062793,7.78023653162,-9.08745405042
2000-04-10,-1.82183020082,-3.62177476512,8.16663432681,-5.8562882278
2000-04-11,-0.524392530087,-3.70982594662,8.38361262526,-5.88822965615
2000-04-12,0.110838456753,-3.72635805186,8.19282293714,-6.37485368451
2000-04-13,0.77347173463,-3.14453936305,8.11661606796,-4.79785984
2000-04-14,0.334050692265,-3.3859437178,7.74892363255,-4.55851276416
2000-04-15,-0.11171239932,-3.70743326612,8.73682167984,-4.90236707289
2000-04-16,-1.19597206859,-4.47423363083,9.82403707478,-4.08763171831
2000-04-17,-0.141577135431,-3.59159237195,10.0867439103,-5.07938888524
2000-04-18,-0.819779281032,-6.49168656113,11.637678496,-6.31919361174
2000-04-19,-1.56208493007,-7.22575293228,12.1678003595,-6.77366831911
2000-04-20,-2.53610079761,-7.52265504746,9.79804027253,-6.80872781205
2000-04-21,-0.788667062535,-8.71902629938,8.84868686356,-8.6825521259
2000-04-22,-0.730608089362,-7.94885255669,8.33829733798,-8.80221088309
2000-04-23,-0.534928560662,-8.16387549622,8.61441940539,-10.6201496575
2000-04-24,-1.85044262,-5.87701829654,7.00343579785,-10.9856652004
2000-04-25,-0.455534063871,-5.91307040036,6.3025899909,-11.1230564788
2000-04-26,0.756591622502,-5.48526279898,6.12330220636,-11.6495720148
2000-04-27,-0.568762691633,-5.50863685406,4.52878082435,-11.5773710266
2000-04-28,-0.37646637003,-5.10979358316,4.41746309357,-12.7887517744
2000-04-29,-1.7187408573,-4.63538236175,5.13864139445,-12.4663229573
2000-04-30,-1.61052530803,-4.68197267131,6.35999020934,-11.2971708781
2000-05-01,-3.25434218076,-4.58784343825,6.11922705859,-10.8339019724
2000-05-02,-2.68969768956,-3.39843349081,6.92771784845,-11.1222814883
2000-05-03,-1.83668281056,-2.5313479412,7.81136328122,-12.5265010995
2000-05-04,-1.83944850198,-1.71285042569,7.18365499027,-13.3059743306
2000-05-05,-1.95673028133,-1.82258963887,7.27363045617,-13.2949215841
2000-05-06,-2.81468016916,-3.08051497837,7.08652463088,-13.214676223
2000-05-07,-3.28317473115,-1.67692201662,7.28547535725,-14.8375856389
2000-05-08,-1.61122513665,-3.44174652065,5.64889115481,-16.3055445465
2000-05-09,-2.42814852874,-2.51419819982,5.34163878813,-15.6348063963
2000-05-10,-3.84453945393,-2.76062116977,5.56756034686,-16.0718761862
2000-05-11,-3.50188410384,-5.10996204703,6.48788566817,-16.5812767201
2000-05-12,-4.32601945621,-4.9098146936,5.77737412091,-17.8388221449
2000-05-13,-5.47268818332,-2.43065737132,6.65473041701,-17.4900456163
2000-05-14,-4.64397476688,-2.27118262531,7.6592372523,-18.9388364447
2000-05-15,-6.35549133927,-2.26828534553,5.97351474301,-18.1287773435
2000-05-16,-8.12092630099,-3.1553280029,5.63917261625,-18.0609108188
2000-05-17,-7.59771480486,-3.61909356729,4.50268391415,-17.8474085141
2000-05-18,-7.47174645819,-2.89617677887,5.44446801972,-17.7235313578
2000-05-19,-7.87123942268,-2.47090352622,4.36026420114,-17.9719001637
2000-05-20,-11.3851965456,-3.13220513294,4.29868487755,-19.9993731759
2000-05-21,-9.86769361398,-2.86578933302,3.91526518835,-20.3052884548
2000-05-22,-9.22890185455,-3.40778500866,4.84558018979,-21.8748632197
2000-05-23,-10.93714487,-2.53670417552,4.70568434048,-23.96096654
2000-05-24,-8.9325024156,-1.19548868608,4.73422583042,-24.9913065148
2000-05-25,-7.31488370804,-0.296171872845,5.52370309126,-26.3328595732
2000-05-26,-6.25147673563,0.665260236893,4.28410307123,-26.1083895262
2000-05-27,-7.64831537968,0.511605809119,3.23731607693,-25.5418412727
2000-05-28,-5.89606680811,0.806249037119,3.11756355108,-25.4734898313
2000-05-29,-4.68992978015,2.02226836884,5.01527789264,-26.2383357013
2000-05-30,-3.4129990003,2.28032036803,4.14212500504,-27.2866126008
2000-05-31,-5.57543806768,0.887090478614,3.00534149869,-28.0974878071
2000-06-01,-6.01637927918,0.523060747707,3.57025909314,-27.7324853733
2000-06-02,-4.57628267632,0.339393766644,2.68403868279,-27.8830365935
2000-06-03,-4.78845940992,0.907161865343,2.56355266686,-28.0280609886
2000-06-04,-5.28309974272,0.254410983578,0.761610461951,-27.8719265447
2000-06-05,-5.35092792278,0.528611157737,0.291202239697,-28.457177648
2000-06-06,-4.05834526366,-0.121909815146,1.47627236052,-29.3881094717
2000-06-07,-4.55960664471,0.758169730792,1.33829746475,-27.9244629876
2000-06-08,-5.97518014072,-0.67848999279,2.6129269052,-28.846996349
2000-06-09,-6.34733933722,0.18557733806,3.89794915545,-29.923493303
2000-06-10,-5.4124572685,-1.71157518595,3.2009083082,-31.7980641865
2000-06-11,-4.47720881595,-2.21440956414,3.8380994956,-30.6233057429
2000-06-12,-4.43818045501,-1.36252387753,3.73539873264,-31.4190110119
2000-06-13,-3.78695458699,-1.20408637903,4.00628587739,-32.2293580864
2000-06-14,-4.76299094764,-1.41246206255,5.03626405213,-31.7350517194
2000-06-15,-4.20149452062,-0.367349667095,4.70426623045,-32.5667526276
2000-06-16,-5.03888286593,-1.89486553048,2.79521575549,-30.6093145808
2000-06-17,-5.94728458744,-1.6172947276,2.07470616389,-28.937490214
2000-06-18,-6.83241159533,-4.43232388131,2.06401227001,-27.4172325563
2000-06-19,-7.11451654502,-5.85161408363,3.30732269418,-26.863699888
2000-06-20,-6.36709839231,-4.40052344778,4.01027205797,-28.2047992423
2000-06-21,-7.06599245252,-3.23199927057,4.19539149854,-28.0498942224
2000-06-22,-8.74311944034,-3.29576562693,2.4819908692,-28.8721313055
2000-06-23,-8.77861117927,-3.98060755697,3.03479880706,-29.5781055178
2000-06-24,-6.4123048986,-4.14602887149,3.01933039901,-29.8614650504
2000-06-25,-5.84016205686,-4.12018666995,1.90902025167,-32.1423757108
2000-06-26,-5.83797290836,-3.89545849119,2.215947618,-32.004560658
2000-06-27,-5.00257423867,-4.95790564807,2.33939380771,-32.3464776023
2000-06-28,-4.29847474737,-4.60346571699,2.48884248602,-32.2404498451
2000-06-29,-4.02395664306,-4.08750280824,3.30573447833,-31.6512889524
2000-06-30,-3.53343116632,-3.72376370977,4.54779246451,-30.8898107471
2000-07-01,-2.75521720045,-2.08214961536,3.60066788151,-31.2889470081
2000-07-02,-1.58959319502,-1.66585814615,3.77276908423,-32.334370474
2000-07-03,-0.669212846766,-1.95740889018,2.3922441056,-33.3028912592
2000-07-04,-0.606406594736,-1.4784854222,3.33062378899,-33.1038770821
2000-07-05,-0.305976144808,-1.82663259431,2.73406587123,-32.3432686168
2000-07-06,0.0236637502322,-1.99064758522,2.17797295212,-32.8055336833
2000-07-07,2.07250581933,-3.26902914647,2.83999141058,-33.4316489111
2000-07-08,1.16581570561,-4.21024135938,3.41295629373,-33.1638561211
2000-07-09,2.69399218072,-4.71009924903,3.01634960512,-32.8767294488
2000-07-10,0.825924910649,-4.87848523212,3.39318861306,-33.7077589815
2000-07-11,-0.870417268508,-5.7370900037,3.54994090069,-34.5702987334
2000-07-12,-1.18918025701,-5.65182219611,2.05275043499,-33.5247958675
2000-07-13,-0.931027480907,-6.17711949198,2.11393936281,-33.8401176234
2000-07-14,-2.04264621592,-4.65996399816,1.10661799751,-35.4316589835
2000-07-15,-1.24651333226,-6.10600559672,0.703955787914,-38.0474818687
2000-07-16,-0.544330398956,-7.4813089724,1.29689034981,-38.1803668825
2000-07-17,0.628765246111,-7.3343407397,2.08473172152,-38.318728999
2000-07-18,0.324036473269,-6.39471998918,3.51026493791,-36.1431790588
2000-07-19,-0.470769248443,-6.43174115636,5.03343357353,-37.2963125236
2000-07-20,-0.510180746454,-7.50107745472,4.98351795422,-36.271474796
2000-07-21,-0.441003044521,-7.52181627621,5.5556178198,-35.5528264938
2000-07-22,-0.0473449189716,-6.03152099815,6.56040195235,-36.5718377857
2000-07-23,0.70715291858,-4.89442644728,7.83019298104,-37.7035660227
2000-07-24,0.449063686544,-3.81077910158,6.51269131148,-37.8460289263
2000-07-25,-0.847887172557,-2.97537612612,7.57401214182,-37.6795596561
2000-07-26,-1.87630045685,-3.58984233643,7.34066183935,-38.3700774875
2000-07-27,-0.68451777031,-3.50685146499,5.47139127387,-37.7168721901
2000-07-28,-0.256271547749,-4.21926425504,6.17363799252,-36.7146576026
2000-07-29,-0.0622225510822,-5.04253332252,5.88189486573,-36.8071956446
2000-07-30,0.590443193089,-5.86266566512,7.11062768885,-36.4181901306
2000-07-31,2.03913583491,-6.05624798115,8.473926828,-36.1363303759
2000-08-01,-0.513760150423,-5.76459999806,10.0390391612,-35.0123149184
2000-08-02,-1.15795676524,-3.81048207279,8.5730411893,-35.9457065512
2000-08-03,-2.48938206981,-2.5946168563,9.82669530565,-35.8930520081
2000-08-04,-3.2898007077,-2.57417593861,8.09604023101,-35.2704989894
2000-08-05,-3.2573211015,-4.22531526798,7.93350698056,-33.6370163802
2000-08-06,-3.99060288608,-3.52109313452,9.17461912759,-33.6840157283
2000-08-07,-1.3105242599,-3.55057232168,8.6062982568,-32.7992742294
2000-08-08,-2.56376736288,-3.97632429919,5.13152017717,-30.6468549738
2000-08-09,-1.9700080466,-3.79346023253,4.22191023959,-31.2931056474
2000-08-10,-1.34854843075,-3.97212862229,5.19838999417,-29.7097350619
2000-08-11,-0.266778096147,-4.02062478579,4.22670279797,-29.183706616
2000-08-12,0.681306474205,-1.96387885708,4.3288798079,-30.0159665722
2000-08-13,-0.580764676384,-3.3576970062,3.99352767881,-29.8765213039
2000-08-14,-1.51312316423,-4.53256651996,4.92507843311,-29.8557526795
2000-08-15,-2.73595585298,-3.78450938493,5.72273420916,-29.710649111
2000-08-16,-1.31219045222,-3.425315667,5.83349496868,-29.9109479199
2000-08-17,-1.00375494559,-4.75035321402,6.22546770611,-29.8669422503
2000-08-18,-0.697536417218,-4.66824410679,6.31971149418,-29.8465957237
2000-08-19,1.4262194843,-4.42006346188,6.83408239067,-31.751135661
2000-08-20,1.59902121523,-4.40572698926,7.10093376485,-31.9515154115
2000-08-21,2.33631905841,-5.37318399413,6.89776737652,-31.3651944688
2000-08-22,3.55465350212,-5.18833249456,7.27431829305,-30.2238771906
2000-08-23,2.99519354216,-6.06354123391,7.78069471024,-27.7254147006
2000-08-24,2.32467823058,-5.9167202936,7.88523358458,-28.0975234528
2000-08-25,2.46126340362,-3.80106563379,10.123709054,-27.0986501209
2000-08-26,2.07783869528,-4.82031856394,10.1996053905,-26.9620167533
2000-08-27,-0.0191488671528,-5.14633006375,11.2448432725,-27.1028692168
2000-08-28,-0.262493659607,-4.26192925276,11.0648499806,-28.0424792438
2000-08-29,-0.733821237558,-5.4863686376,10.3563730434,-29.7213936565
2000-08-30,-0.0703148837714,-6.84586147033,10.1857901362,-30.2099135322
2000-08-31,-0.856875719765,-7.59263961799,11.5019213998,-31.0993459008
2000-09-01,-0.516973141927,-9.40643696134,11.5741706657,-32.0366736617
2000-09-02,-0.781488943943,-8.13631428137,11.4879485573,-31.1279781779
2000-09-03,-1.13249160754,-8.44725448875,10.6114296121,-32.6983910979
2000-09-04,-0.0209075779716,-8.83985586131,11.5556096493,-34.3417007576
2000-09-05,-0.849518203811,-8.21135110807,12.9522819467,-35.0682378852
2000-09-06,-2.00913028213,-7.65144376281,12.8822220404,-32.6679556163
2000-09-07,-1.0742023563,-5.3966067827,13.696025165,-31.3953890828
2000-09-08,-1.64446062903,-4.82580272745,12.5500490924,-33.1834030548
2000-09-09,-3.41933096095,-4.15326396888,10.6284372934,-34.6679885189
2000-09-10,-2.40137980868,-2.98318367973,9.34007423592,-34.0604705992
2000-09-11,-1.94160921133,-2.65161076745,9.21775488528,-35.2530104566
2000-09-12,-0.975713559548,-1.94203424306,9.87091028969,-35.7906009192
2000-09-13,0.914073805659,-1.07982522929,10.9325557856,-36.1517372273
2000-09-14,0.388801527884,-0.919030835763,12.1978619933,-35.4856318418
2000-09-15,0.200816415968,-2.76737189567,11.2450590222,-35.6872451104
2000-09-16,0.648160687456,-1.20468966156,10.786440589,-34.7239054312
2000-09-17,2.64532115274,-0.435484090119,11.1601036546,-34.2686755139
2000-09-18,5.25588860768,0.0893387299906,11.9863894653,-33.0341395872
2000-09-19,7.06027208551,-0.354417460249,13.1353872778,-33.2009210183
2000-09-20,7.49679800424,-0.920941439258,13.220750897,-34.6848015618
2000-09-21,6.23764015849,-2.25501867559,15.1821221033,-35.5022626917
2000-09-22,8.77718192907,-3.14590165889,15.7196097055,-35.4205165258
2000-09-23,9.27569967649,-2.72712275075,14.7647452728,-34.891560866
2000-09-24,8.29324748715,-3.51311094853,14.9609546071,-34.6012768045
2000-09-25,8.53129383957,-2.20011964842,15.7898736223,-34.6319218869
2000-09-26,8.59875438169,-4.29996795009,16.1470758972,-33.3070290913
2000-09-27,7.13343523924,-5.36766727742,15.8704680327,-34.5477538027
2000-09-28,8.18675813516,-5.84738793384,16.4441172874,-32.7444757649
2000-09-29,7.69708767792,-5.58209638343,16.5318641584,-32.111275566
2000-09-30,9.10426042895,-6.2112154891,16.3723928817,-30.8643455352
2000-10-01,8.00106123078,-6.90053244111,15.6529377937,-31.2937979347
2000-10-02,8.09255972672,-6.27332454487,16.385103478,-31.3706856261
2000-10-03,7.14777322949,-4.82811234633,15.1502264952,-30.7289045243
2000-10-04,7.72933764421,-3.37531713393,15.9629746743,-30.605570536
2000-10-05,7.87643173164,-2.86352357803,15.0639975106,-29.5853597292
2000-10-06,7.70852192906,-3.17277791383,15.1969108494,-31.2253257825
2000-10-07,7.13950583642,-3.47592391484,14.8562573512,-29.865721301
2000-10-08,7.24943606771,-2.81827498685,13.6502523758,-30.5946472021
2000-10-09,7.33660940378,-4.42261607806,11.8033197412,-30.2605609105
2000-10-10,6.3255685445,-3.86530835417,11.3244263252,-29.8281540919
2000-10-11,5.58182039906,-6.21697260433,9.76906858605,-28.4598944305
2000-10-12,6.60902521358,-6.32348845689,10.288786452,-29.6568606951
2000-10-13,6.63748068148,-7.28092994315,8.77831369591,-30.3993424333
2000-10-14,6.10987911278,-8.43754576,8.31233592371,-30.1944764348
2000-10-15,8.31697484385,-8.0669251355,8.156425427,-29.84323206
2000-10-16,8.52318033246,-9.25874598979,7.25841725139,-28.5108972317
2000-10-17,9.61433333279,-9.13213746628,6.75106694919,-28.1334627048
2000-10-18,9.32195915179,-9.35841638323,6.65602610657,-29.2927379359
2000-10-19,9.48926770848,-9.67385058641,7.15625918323,-29.9310326053
2000-10-20,10.3415841144,-10.9522933325,6.62060745338,-31.1087875862
2000-10-21,10.8725822683,-11.8831317803,6.19348522216,-31.2543945994
2000-10-22,10.0620290903,-10.9316104335,4.69358304724,-31.4814225968
2000-10-23,10.4396113984,-10.2984531786,5.24921017663,-31.2388687883
2000-10-24,11.1866602732,-8.35883540558,5.69884894525,-29.7904505777
2000-10-25,13.1967737408,-7.68437125227,4.44817107439,-27.9810015253
2000-10-26,13.4464818493,-9.29068313278,6.50719493329,-27.9669117067
2000-10-27,13.4694343468,-8.34218482172,7.66309786275,-26.971660791
2000-10-28,14.422605704,-8.18371522431,8.72371479022,-26.4210245344
2000-10-29,14.7055227504,-9.59171775372,8.81833312785,-25.6858244761
2000-10-30,15.5420062947,-10.2104655623,7.00455203784,-24.7678608052
2000-10-31,16.2452106389,-10.6135643379,5.90198804512,-23.7770604333
2000-11-01,15.6594368227,-9.75298032319,5.14072096511,-26.2433811133
2000-11-02,16.2912500718,-7.95909598335,7.17891483804,-25.1704739813
2000-11-03,16.7439373539,-6.73996050632,8.23845832335,-25.5950076377
2000-11-04,14.0279159712,-8.05271772079,6.68363916882,-25.8746024976
2000-11-05,13.8661948382,-7.24416932274,6.71395167389,-25.7262687582
2000-11-06,12.7149153316,-9.28782688053,8.21427186514,-26.9052847545
2000-11-07,11.5771604857,-10.2619131117,7.40855147116,-26.9664730724
2000-11-08,12.2795555134,-10.8973291832,9.56578658076,-27.2594721229
2000-11-09,12.5054011858,-10.7375444562,8.90545701233,-27.3623736807
2000-11-10,12.6386009504,-11.3703009842,7.70763568869,-30.3010359496
2000-11-11,12.4451234441,-10.5860376245,7.85576112317,-32.8170920243
2000-11-12,11.6159581069,-10.408097689,9.05900799494,-30.6576691046
2000-11-13,11.2606128361,-12.6447134789,8.36738801029,-31.6271496588
2000-11-14,11.6606354967,-11.1132568578,9.53685458081,-31.9240887181
2000-11-15,11.7509792401,-10.2554844101,8.68136107753,-33.5934118438
2000-11-16,10.7155443308,-9.95632494076,8.18587127336,-34.777357133
2000-11-17,10.9861704239,-9.46336841412,8.23045726613,-34.9371131484
2000-11-18,12.5893608192,-10.1552548107,9.84784026018,-36.2878913074
2000-11-19,10.909574177,-9.24332962257,10.8965773136,-36.8331657692
2000-11-20,12.0491122737,-9.97509462093,12.3840254856,-35.905020768
2000-11-21,12.5647777518,-9.39360274731,12.5132829096,-34.8315156438
2000-11-22,11.1968765507,-10.4402480493,13.0853547598,-33.9733670024
2000-11-23,9.8690914533,-10.9868225629,12.216329311,-34.0031836814
2000-11-24,9.3687802411,-9.7644097087,13.3454503757,-35.2921796975
2000-11-25,9.10284148235,-9.89634265906,13.7903061709,-35.4737598382
2000-11-26,8.33294351752,-8.79459189063,10.7425471023,-34.0253119829
2000-11-27,8.41694461364,-9.71168265739,11.050045461,-34.0359740382
2000-11-28,7.83385438601,-10.2469692349,10.9043909751,-33.8661236973
2000-11-29,5.91500262374,-10.0246828361,11.3221217526,-33.9885661595
2000-11-30,5.12891402943,-11.1822877204,11.9045238356,-33.4078290154
2000-12-01,7.30981612676,-10.6393464107,12.9162730008,-32.5829994942
2000-12-02,6.95769686145,-9.70164372199,14.6012910564,-32.7226960714
2000-12-03,5.47165398892,-9.01567331968,14.751728606,-32.9537766884
2000-12-04,3.20533070213,-9.02960823827,15.1365179575,-33.0986242734
2000-12-05,4.36176662751,-9.69137313152,15.6808631389,-30.8121206338
2000-12-06,4.24143974346,-9.30312946891,16.1691612779,-31.6386527945
2000-12-07,4.945292966,-8.05762423975,14.8760421489,-34.3672553037
2000-12-08,5.7206332921,-7.75571962616,14.7903195962,-34.1650776354
2000-12-09,6.28735746035,-8.67680753015,16.4850896659,-33.7422094999
2000-12-10,4.96294570862,-9.87776098759,16.3985759915,-32.4697628878
2000-12-11,5.17470946151,-9.71785444864,14.9138907207,-34.7004726128
2000-12-12,6.68198200587,-10.0905580938,14.9232035444,-34.1827810267
2000-12-13,6.85080803233,-9.0959102525,14.0337536896,-33.0446750692
2000-12-14,5.76761421296,-9.39419299115,15.7574335771,-33.9917273568
2000-12-15,6.76127969414,-9.73800222194,16.0900023628,-32.4671379902
2000-12-16,6.63278392743,-10.0972348961,14.942695953,-30.8653733368
2000-12-17,5.64320334035,-11.4220190791,14.1275650507,-30.3764654472
2000-12-18,5.96115167417,-11.9136018367,13.4858361902,-28.6749202299
2000-12-19,4.83754268438,-14.1377907966,14.6527672791,-28.8809500147
2000-12-20,5.51141461432,-14.7670380486,13.7214345367,-27.4249759587
2000-12-21,4.22258357869,-14.5685615338,13.0768815759,-26.5460771376
2000-12-22,4.78583670846,-16.5081975194,12.3262825729,-25.6623158568
2000-12-23,5.11418777162,-14.7889364933,11.5322663603,-26.2675035342
2000-12-24,6.06918154355,-14.823095878,10.7661561105,-25.7254019246
2000-12-25,5.76199925615,-14.8490076451,10.8342852505,-25.3817049637
2000-12-26,6.25369096647,-17.0132832968,10.5180656869,-25.8447831522
2000-12-27,8.03117426532,-17.5221612422,10.6405892419,-26.6506820052
2000-12-28,8.15079336244,-18.3486766897,11.3972020172,-28.2605733271
2000-12-29,8.06471852538,-18.7037291087,10.4397120795,-28.046166202
2000-12-30,7.97183600302,-18.2137685951,9.31878645995,-27.7596796079
2000-12-31,8.0125860886,-17.759362052,11.1353762584,-26.8065633788
2001-01-01,6.70378611582,-18.1355926566,10.2545152147,-26.5959123567
2001-01-02,7.56996877198,-18.2502270438,7.82873341084,-26.346065057
2001-01-03,7.83864977234,-17.6638358111,8.41060548987,-26.4675442008
2001-01-04,6.57325731248,-16.4892252452,8.31748982476,-25.5497706087
2001-01-05,7.21883036476,-14.7003712489,9.79650573715,-25.5922245222
2001-01-06,8.99815655865,-15.2291488677,10.6439491341,-26.6465726366
2001-01-07,8.9302437885,-14.9460830873,13.6021598656,-27.2319402866
2001-01-08,9.64685203891,-16.1194838504,13.8432414414,-26.8837020737
2001-01-09,8.26896239406,-16.1278771911,13.0520857982,-24.3483188682
2001-01-10,9.57790763663,-15.9574933839,11.2271253923,-24.1146107715
2001-01-11,7.79619446099,-15.7126170858,9.89709579005,-22.9612776802
2001-01-12,8.32248224281,-15.1756156184,10.185776631,-22.4930963098
2001-01-13,9.10445805048,-15.7213348196,9.74265626327,-23.1918975025
2001-01-14,9.68150093068,-16.3254940711,9.34685489218,-22.6323175431
2001-01-15,9.88633956569,-17.2128034331,7.11581589357,-21.2577660467
2001-01-16,11.5411094801,-17.158922985,6.84472053863,-20.494540899
2001-01-17,10.9279769098,-16.489963047,6.72045498802,-20.6758340286
2001-01-18,10.9498397082,-15.9363109415,5.85953952911,-23.0084770361
2001-01-19,10.7604563866,-16.2010256473,5.99573153766,-22.2336460674
2001-01-20,9.04865076118,-17.9306486718,5.9784545298,-21.3999236642
2001-01-21,9.35882104916,-16.9293035209,6.34051440753,-22.3536353822
2001-01-22,9.19551942999,-16.4168453299,4.91459159422,-22.5571263642
2001-01-23,9.82171630257,-15.6615330594,5.85541160077,-22.2797400882
2001-01-24,9.42104402837,-14.8546081661,7.84974862024,-21.4068565715
2001-01-25,10.290264141,-13.9547124458,8.40641297178,-22.3518645904
2001-01-26,11.3033861459,-13.0682913998,7.36702227486,-23.7230415316
2001-01-27,10.1266337825,-13.8139433427,8.52600191183,-24.3300821891
2001-01-28,10.5217346903,-12.3913974538,9.93575246403,-24.3516321621
2001-01-29,11.332439852,-12.9958431551,8.97971961618,-24.8832588772
2001-01-30,11.3990257266,-12.30646137,9.4467426286,-24.6486565051
2001-01-31,12.1023577065,-12.2066098654,9.87713896765,-24.5581086265
2001-02-01,11.376575503,-13.8534414253,8.93320696124,-22.0683554273
2001-02-02,10.5817873021,-15.325407192,11.4227517065,-24.2534753816
2001-02-03,10.1339786999,-15.6054087652,14.7890912491,-25.1932871836
2001-02-04,8.57148923838,-15.6844784124,14.2416213861,-25.2883870564
2001-02-05,8.45059059476,-14.9930517158,14.5162231041,-26.2927811737
2001-02-06,7.82124068555,-14.828803391,13.0844407658,-26.379578115
2001-02-07,7.13279221267,-14.6958503274,13.9014034155,-25.7325716273
2001-02-08,6.7327513576,-13.9750032167,14.215350767,-26.1468442557
2001-02-09,7.64686076212,-14.569337024,13.2248621354,-25.8092871334
2001-02-10,7.10661419227,-13.9543190277,15.009159622,-26.5642192828
2001-02-11,6.12082221428,-14.7000636076,14.9895631272,-27.0228610336
2001-02-12,5.65615625531,-15.1583073715,15.84170746,-24.5907915035
2001-02-13,5.85588031333,-15.8542157194,15.9315939004,-24.0166953014
2001-02-14,6.94706394066,-15.9262597628,16.7552183786,-23.5904221883
2001-02-15,7.2401623813,-16.1879411634,18.5123680134,-22.2684915664
2001-02-16,8.99349068963,-17.5198941036,18.9010702705,-22.1225211095
2001-02-17,10.6152563344,-17.9901345755,19.3259963678,-21.2777828368
2001-02-18,9.20633149937,-17.5477110018,18.9136406754,-19.8918059382
2001-02-19,11.8331583459,-19.3153077882,17.0964842755,-20.1180210704
2001-02-20,13.2595622648,-17.8839569124,15.5839145668,-20.8782789114
2001-02-21,13.620687316,-17.0127932083,15.6110701171,-19.8029113759
2001-02-22,12.4810396025,-18.0713522692,14.2481361405,-18.5166249185
2001-02-23,10.1692959383,-19.6806753227,12.2729079417,-17.1299561279
2001-02-24,11.6942099923,-18.2436294286,11.4533335425,-17.05979905
2001-02-25,12.7226704231,-19.5206522284,11.0346494422,-17.5177159075
2001-02-26,12.0772699941,-18.9250921408,9.23706402469,-17.0739427101
2001-02-27,12.3300292565,-18.7456946938,8.51650626145,-17.8847362247
2001-02-28,12.2289826273,-19.6874155337,9.65963782306,-17.6978082418
2001-03-01,11.6499153326,-19.174074544,11.3590757738,-18.5665820291
2001-03-02,11.589243383,-21.1647422182,11.3411958719,-18.5130253362
2001-03-03,10.6319385636,-20.7405416111,11.6017706005,-18.8716808395
2001-03-04,10.1861617644,-20.1954583039,11.5699474964,-20.7814199046
2001-03-05,10.2725535463,-20.5557935189,13.6243502126,-22.3930914197
2001-03-06,11.3469304221,-21.077654491,13.4041738204,-22.2351165662
2001-03-07,12.8074440974,-22.1153795543,11.750606051,-21.2161468607
2001-03-08,14.0885761363,-22.5844143013,10.3662173176,-20.5809320873
2001-03-09,13.5064950827,-22.4877508191,9.30374043537,-22.0870234007
2001-03-10,13.2584247011,-23.9397401649,8.91924388168,-20.7995671405
2001-03-11,11.4875426593,-23.8470024667,8.7966544323,-21.2189070193
2001-03-12,10.3494120304,-25.467882997,7.58185288533,-21.2074078047
2001-03-13,10.527452731,-26.0276693614,7.18299599252,-21.4733115862
2001-03-14,13.4263681124,-25.9972310092,6.12061849924,-20.8107615708
2001-03-15,13.4911109032,-25.1401025381,6.29441226338,-21.973462906
2001-03-16,13.7962148332,-26.8872349672,5.30413887429,-22.4078618392
2001-03-17,13.1736044651,-29.6551693895,6.18156175234,-22.9207171383
2001-03-18,11.9766980417,-28.2389920961,6.41934993884,-24.4015095047
2001-03-19,12.9679100716,-27.5603890813,5.95229630224,-24.2746182286
2001-03-20,12.4170904033,-28.0101535294,4.56630941941,-24.2721426006
2001-03-21,10.7968755084,-29.1345512424,4.40920837624,-25.7134938352
2001-03-22,10.2380735641,-27.8285626322,3.09515549468,-24.1066626854
2001-03-23,9.50831669323,-28.0315157097,3.67275588441,-25.1833273866
2001-03-24,11.1878837763,-27.3302559731,4.06878039146,-23.9904835053
2001-03-25,12.8127218377,-25.7122073379,4.71630165681,-23.502531129
2001-03-26,14.6290590785,-25.2894623728,4.74602786166,-24.1799784682
2001-03-27,15.2945762447,-26.5798831808,4.79923309686,-23.7978248684
2001-03-28,16.9148658232,-27.8591791458,5.50852171005,-25.5786240613
2001-03-29,17.6037913167,-27.3522102705,7.44477193003,-25.1678716832
2001-03-30,18.5726337078,-27.3953281162,8.03084168055,-26.0859568216
2001-03-31,17.3890584481,-27.7285413665,8.00754236171,-24.6331697254
2001-04-01,18.621310818,-26.3173150729,6.72332521811,-25.0601393712
2001-04-02,19.4241451782,-26.1040719178,5.78615109589,-24.8266809551
2001-04-03,20.2817677281,-27.1161066856,6.16305643435,-24.1544065335
2001-04-04,20.7135067237,-27.3666389694,4.27217542397,-22.540171558
2001-04-05,21.7879386687,-27.6727439804,4.4730295948,-22.6456798121
2001-04-06,22.3986688203,-27.2624562988,2.87245484033,-22.2073298093
2001-04-07,22.9829434677,-27.2676587463,0.127214843081,-22.5639440282
2001-04-08,23.9535050668,-27.5463007912,-1.76085793635,-22.7652091597
2001-04-09,24.4270353059,-26.7234827469,-2.79298047622,-24.0189210226
2001-04-10,26.7362969235,-28.0163104069,-2.91555855485,-24.1318504219
2001-04-11,27.6361199677,-27.4442953907,-3.70440227136,-23.8768798144
2001-04-12,28.0108253365,-28.1639854946,-4.4197091452,-24.4872307374
2001-04-13,28.6557519412,-27.1982816796,-4.020726272,-23.6182570159
2001-04-14,28.5546418149,-27.4157507203,-4.58073880714,-22.5821964135
2001-04-15,28.2105867473,-26.9485968829,-5.05318140196,-22.4385414848
2001-04-16,29.9756448638,-27.8360802959,-5.47367973026,-22.6169462037
2001-04-17,27.5851076491,-29.353216972,-5.6903892579,-23.2579703859
2001-04-18,29.8596816084,-29.139449239,-7.60136855182,-21.936670722
2001-04-19,29.1753081867,-28.621503184,-8.36408796265,-21.6688427486
2001-04-20,30.3527734036,-28.3607468779,-8.78422952222,-22.3690754134
2001-04-21,29.7165600933,-28.991659814,-9.37356263286,-22.5986260137
2001-04-22,30.001927979,-28.5945909498,-9.58364831476,-20.057875572
2001-04-23,30.4465018203,-29.353221189,-9.50311791932,-20.9660433538
2001-04-24,31.8715352806,-29.641731977,-10.231839602,-19.0067392656
2001-04-25,32.1692970274,-30.3256519168,-9.01191236417,-19.7558558336
2001-04-26,32.6160562888,-31.9160288349,-8.28610220478,-18.7436819105
2001-04-27,32.8504055955,-30.5781808033,-8.79007857428,-19.1458824836
2001-04-28,31.4922587566,-29.4499460183,-6.70294926152,-19.5781315039
2001-04-29,32.1164620597,-29.4890674335,-7.14771405864,-18.2523932439
2001-04-30,34.65261104,-29.4757288868,-7.39289936168,-18.7770018637
2001-05-01,34.2258857329,-29.1853707268,-7.17491139373,-18.0138144171
2001-05-02,33.9351794059,-29.8481084455,-9.52023408626,-17.1628390097
2001-05-03,35.3049338641,-28.2828990185,-11.2149578801,-17.3104720302
2001-05-04,35.0917044827,-28.7174488586,-11.5675578567,-18.4963103779
2001-05-05,36.6870340175,-27.4338893296,-11.3489867524,-17.9223730945
2001-05-06,36.6590263471,-27.3229565138,-11.2591952004,-17.0390897804
2001-05-07,34.934402181,-27.7458376143,-11.6837054103,-18.1525774245
2001-05-08,35.8793473011,-26.721431009,-10.7872050217,-17.1765562183
2001-05-09,35.8380502901,-25.7229255488,-12.0907494746,-17.0102989605
2001-05-10,35.6402777822,-26.2599832689,-13.0690428306,-17.9397210343
2001-05-11,35.4748725666,-26.4281655122,-13.1498576426,-17.0234823221
2001-05-12,34.0879721371,-26.6909164281,-14.3820245773,-16.4813490949
2001-05-13,35.2430916506,-25.2567849474,-15.2441404644,-16.1977301937
2001-05-14,35.141420211,-25.6875194321,-15.7117339141,-15.1246522269
2001-05-15,36.1088745334,-25.1828394965,-14.6362299863,-17.2415233027
2001-05-16,34.9698385395,-24.7300682528,-14.6269814518,-15.7635266614
2001-05-17,36.0573516691,-25.6611642712,-14.7317443876,-16.7583674363
2001-05-18,38.4389717912,-26.4095892364,-13.4873664716,-17.7271136706
2001-05-19,36.4563864815,-27.9935445053,-14.3250762896,-17.4735636093
2001-05-20,36.6979959533,-27.9683885629,-14.8580648065,-17.0011080186
2001-05-21,35.921553435,-28.9504115834,-15.6192494709,-17.6199622145
2001-05-22,36.5924509815,-29.4567458966,-13.5930198497,-18.6263942039
2001-05-23,38.2157629702,-29.4246222212,-14.7833363401,-17.4468275772
2001-05-24,37.6975535752,-28.6899113548,-14.1771000781,-16.3192526687
2001-05-25,37.6307072295,-28.5702357479,-11.9196807643,-16.0893809802
2001-05-26,36.9297367382,-28.5182800115,-11.0166083641,-16.68793137
2001-05-27,36.9832561221,-28.5018762305,-10.8485692465,-18.2269622638
2001-05-28,36.5973639569,-27.3381677305,-10.4789065023,-17.2733371093
2001-05-29,35.4126552615,-26.6843263877,-9.05370899762,-17.8133260079
2001-05-30,35.36900392,-27.7142121082,-9.1792141651,-19.8962286495
2001-05-31,34.0627944036,-26.4661365311,-8.56395116396,-19.5857067898
2001-06-01,34.1997642977,-27.0081638797,-8.3485911044,-19.1876982043
2001-06-02,34.5022123589,-28.7209370021,-8.33624653173,-18.8299997469
2001-06-03,33.9162642007,-29.0277356016,-10.3393746757,-17.4202794355
2001-06-04,33.4935372242,-27.5147252528,-10.9637517258,-16.6104673185
2001-06-05,33.2252117062,-28.6418365564,-11.0395297897,-17.6854413031
2001-06-06,34.5635118013,-27.4126710211,-9.93568638687,-16.957791543
2001-06-07,35.4603653979,-26.8790108769,-9.49598284333,-15.5033537055
2001-06-08,34.8122152814,-25.8685018643,-9.56882229461,-13.9617848
2001-06-09,35.9307310573,-24.2058350678,-8.85186318611,-13.231742382
2001-06-10,36.1136569452,-25.211024978,-9.46786678145,-13.6694150198
2001-06-11,35.7099719242,-25.8676300886,-9.92145656094,-13.5836160078
2001-06-12,35.6955380223,-26.4722347081,-9.52130933167,-14.886994848
2001-06-13,34.3005898852,-25.2863761726,-7.91015920411,-15.412492462
2001-06-14,33.8855896284,-24.3521699843,-6.70437504735,-15.2753237648
2001-06-15,33.9808277385,-24.5871188081,-5.94828240621,-14.4844569155
2001-06-16,32.0807749546,-25.4142500591,-5.35695983365,-13.5849682768
2001-06-17,31.5183640873,-24.7037703232,-5.40769983032,-14.889205948
2001-06-18,31.0518861346,-25.3196582088,-5.1516882151,-16.441788722
2001-06-19,31.1607633001,-25.7573877405,-5.25649759113,-16.9768907725
2001-06-20,30.0606910718,-26.1844191322,-3.41731434712,-15.8783653084
2001-06-21,30.4421467911,-27.2563277411,-2.21812041679,-15.4882951094
2001-06-22,31.5608544393,-25.2794947649,-2.1075352268,-14.1449621595
2001-06-23,31.8531796588,-24.2017398374,-2.77062567502,-13.686845207
2001-06-24,30.7105588031,-22.70712935,-2.00290363569,-14.6734901478
2001-06-25,29.9200261375,-22.8663246052,-1.80217913067,-13.5442877749
2001-06-26,30.4137775301,-22.0761317504,-2.22206414566,-13.4609383997
2001-06-27,30.2021653502,-21.6855999587,-2.80203468473,-14.9930528703
2001-06-28,28.814840246,-21.8522927817,-3.39490749224,-15.3528282418
2001-06-29,29.4480662437,-22.7098462471,-3.76494681197,-16.938679297
2001-06-30,28.4630509503,-21.8927619618,-4.8576972099,-16.9571887177
2001-07-01,28.6203961945,-23.8092498101,-4.82141909038,-16.9019597742
2001-07-02,30.3437973957,-23.5821921365,-3.50876586067,-16.8813090261
2001-07-03,29.4585116598,-23.1617425205,-2.45762886942,-16.9167361269
2001-07-04,30.7807270933,-23.6966369713,-2.53173186014,-17.9627126423
2001-07-05,31.0060862848,-25.3053705803,-1.04454256553,-18.4610688374
2001-07-06,30.7368741712,-24.5153075242,-0.0500413364395,-18.0984593251
2001-07-07,31.7303343245,-24.3025155352,0.0709068679133,-18.1977090156
2001-07-08,32.4234533962,-25.1409374325,0.8893988524,-17.8191385215
2001-07-09,32.5494249167,-24.8615359659,-0.146196239972,-18.4763496839
2001-07-10,30.9968376822,-24.823298681,-0.112739183367,-17.4413329238
2001-07-11,29.3560266901,-24.2082084869,-0.0221896319305,-17.2450827078
2001-07-12,29.1084083246,-25.1343854583,0.780773366459,-18.8514569608
2001-07-13,27.7612139138,-25.1646680491,-0.373483474316,-19.250770323
2001-07-14,27.8439761084,-23.6413636311,-1.02032361552,-18.744042562
2001-07-15,28.2257195571,-24.6129502299,-0.916887820461,-17.9877825572
2001-07-16,27.8425190011,-24.6552442492,-1.34425206259,-18.8243402756
2001-07-17,27.03795786,-24.7824354572,-2.29592003114,-16.2931982271
2001-07-18,27.0280415024,-25.0112249763,-5.61640734268,-17.4139957314
2001-07-19,26.5716254452,-26.2261250625,-4.74597998142,-18.6943899399
2001-07-20,25.9634382843,-28.002299018,-4.33132676329,-17.4835993976
2001-07-21,24.7369512896,-27.3812161098,-2.24928723354,-17.2586985659
2001-07-22,23.3578567521,-26.7551738216,-1.43329827342,-16.7547223313
2001-07-23,22.2890883199,-27.4725670787,-1.32457693526,-16.1611739998
2001-07-24,22.3075709593,-27.339217564,0.23210080204,-13.0462998584
2001-07-25,21.1602883945,-28.3863617557,0.354492938554,-12.3505600249
2001-07-26,22.1202114396,-28.35569413,-0.641376345986,-12.924360035
2001-07-27,22.5983362837,-27.7700133534,0.435183212319,-14.1902455266
2001-07-28,23.0818484335,-27.3658382219,-1.00521320003,-14.5171868884
2001-07-29,20.9779955262,-28.429674724,-1.82743122795,-15.1257538568
2001-07-30,22.0716451665,-27.7049138046,-2.12746668134,-14.6622205685
2001-07-31,22.7875389266,-27.6923043926,-1.52015832162,-15.0319012365
2001-08-01,21.7623461034,-29.1437609192,-1.13141927737,-15.8942355993
2001-08-02,19.8216444406,-27.7331931279,-1.03675628182,-16.0212180807
2001-08-03,18.2802909271,-28.9577475304,-0.930029683494,-14.7066340861
2001-08-04,18.0937423655,-28.2438928345,-0.461799003654,-15.0083560598
2001-08-05,18.469132889,-28.5459806178,-1.19653526605,-15.6610651334
2001-08-06,17.8000888682,-30.3779510844,-1.40599227387,-14.9414458395
2001-08-07,17.9398320222,-30.2945953736,-1.44204455754,-13.8937404708
2001-08-08,18.447616144,-29.918721326,-1.45506920718,-14.0496935756
2001-08-09,19.6403778191,-30.697955536,-0.80092103835,-15.2428625555
2001-08-10,18.4259540818,-28.8969240614,-0.497357685157,-17.3463733526
2001-08-11,17.0323275829,-28.4064539413,-0.119355460099,-17.172469399
2001-08-12,16.7554376168,-27.3841979881,0.887969285625,-18.7062562484
2001-08-13,15.4368988179,-26.6798990912,-0.152702141163,-19.0350140641
2001-08-14,17.3238861409,-28.0816271344,-1.07433664052,-17.8190490981
2001-08-15,17.4696203372,-27.5757440541,-1.87217959215,-16.0557751708
2001-08-16,17.4757394025,-27.9479213189,-1.60297362842,-16.1961671102
2001-08-17,18.3366581995,-29.44867982,-0.651916813043,-16.0591253772
2001-08-18,19.2525023469,-28.9438288832,-2.28945615887,-16.4976050901
2001-08-19,18.7234187502,-29.9731862112,-3.38748444147,-15.8771095645
2001-08-20,19.9491281526,-30.7750436616,-3.7544564578,-16.4452054656
2001-08-21,20.8177304043,-31.1904700986,-4.65493663401,-15.7524871616
2001-08-22,19.8366652988,-32.2891077602,-2.79213430346,-16.7552910612
2001-08-23,20.4529487993,-31.9048713693,-2.16078458964,-16.1150921194
2001-08-24,21.3304998433,-31.8119807803,-2.80501614658,-16.5441739962
2001-08-25,20.8031970024,-32.6677936647,-3.72368403289,-16.2033420234
2001-08-26,21.855048023,-32.3826356609,-4.75985552348,-16.2628051814
2001-08-27,20.9757270542,-32.9962732478,-4.30162645639,-15.7858789069
2001-08-28,21.291369023,-33.8276496809,-4.36670922512,-17.2549438048
2001-08-29,20.4268401593,-32.9509985416,-4.14362156898,-17.728734866
2001-08-30,20.8798767838,-31.150597752,-3.7704944851,-17.3050462756
2001-08-31,19.3401781601,-32.9830275398,-4.20289042374,-17.4340371292
2001-09-01,17.4554113482,-31.6782373144,-3.93606874398,-16.2857971838
2001-09-02,17.5002106721,-31.2643233728,-3.54304848791,-16.1107299691
2001-09-03,18.1661443761,-30.989622916,-3.34317156049,-16.1587775174
2001-09-04,19.9294895057,-30.5734825273,-1.64006170312,-15.3716727617
2001-09-05,19.557524989,-30.6722192569,0.542337351709,-16.2146140157
2001-09-06,21.2649354423,-28.7500214918,0.808385975872,-15.5400553389
2001-09-07,21.8043721931,-29.072168268,2.20661924728,-14.6653287389
2001-09-08,21.2891492084,-30.4853169488,2.8927588111,-13.6590842178
2001-09-09,22.3394831406,-28.9357202883,3.50243589534,-14.3103405135
2001-09-10,20.9954576216,-29.7794998408,3.39947136059,-13.7664360671
2001-09-11,20.9340337572,-30.3564167604,1.34769617324,-13.9162153582
2001-09-12,22.1009897646,-29.8166610817,2.127482315,-14.3540224863
2001-09-13,21.6845199066,-28.6412581884,1.31494245434,-14.9864891378
2001-09-14,21.3369557458,-27.7530395603,-0.0512642265142,-15.3444091418
2001-09-15,20.5268050003,-28.2213575646,-0.181713072847,-16.9077687694
2001-09-16,19.7600368897,-26.6818918067,-0.706892239079,-17.8019482064
2001-09-17,19.620459579,-28.63543777,-0.924555919422,-18.5768673915
2001-09-18,20.4140748436,-29.4276751001,0.630313702382,-15.9799737168
2001-09-19,20.3242758053,-29.2224530257,-0.843544152362,-15.514392126
2001-09-20,16.8406767408,-29.1340335215,0.867717377639,-15.7972935499
2001-09-21,17.4218200329,-28.8130027436,1.58060055775,-15.5257192523
2001-09-22,17.6403947018,-28.2356216197,0.698161350135,-16.8023502324
2001-09-23,18.1063086117,-27.5815424723,1.22808405111,-16.3975075694
2001-09-24,19.6612261675,-28.2905662273,1.69890715603,-17.3173385865
2001-09-25,18.6943183917,-28.0036126712,1.93069792927,-18.5402390661
2001-09-26,19.2024899859,-29.6566034256,2.35866395536,-18.4385082403
2001-09-27,19.5066643588,-30.1579687072,1.5089133773,-17.7942331749
2001-09-28,19.2162604389,-30.7465539622,2.48335707307,-18.4278419186
2001-09-29,18.9340210328,-27.8792215987,3.83165817897,-18.8957301904
2001-09-30,19.8216653857,-27.2494854437,4.34374830787,-18.7566484326
2001-10-01,19.2750323284,-27.0983713721,3.63172405042,-19.2387210439
2001-10-02,18.9493107406,-27.7145246068,3.57063599511,-18.5408249694
2001-10-03,18.7435900635,-28.1398145834,4.66298361095,-18.081309622
2001-10-04,19.674138245,-27.5951172023,3.80426462337,-18.4011279627
2001-10-05,22.4326738418,-27.5734304699,4.34121433292,-17.6945849449
2001-10-06,22.0249925373,-28.6594771023,5.91251650157,-17.0223974439
2001-10-07,24.0900267167,-30.3097610946,4.74760704254,-18.2923811526
2001-10-08,22.8492942495,-30.1157284575,3.56222999761,-17.7659943525
2001-10-09,23.126009377,-31.1817315153,3.23251289405,-16.9109778283
2001-10-10,22.1632550618,-30.7630012363,3.74822937441,-15.7306848472
2001-10-11,20.5614602989,-29.2760198653,3.19306527087,-16.4076606551
2001-10-12,20.1729212453,-29.9592493723,2.48320228965,-13.8065004967
2001-10-13,19.7947164457,-29.0060352644,2.67254108667,-12.8140343263
2001-10-14,20.0936030379,-29.6502732696,2.39127526395,-11.5956869033
2001-10-15,19.7819343187,-30.3560310516,2.09731374148,-11.4967457122
2001-10-16,21.8426799403,-30.4025307208,3.43394854517,-11.6633482947
2001-10-17,20.7864507593,-30.2912255035,2.75047898643,-10.7969368056
2001-10-18,20.3085709528,-28.5238229426,2.94593930182,-11.6082239344
2001-10-19,21.9021436304,-28.9731465428,2.70296310017,-10.7077477819
2001-10-20,20.9656494694,-28.8492935019,0.776818261264,-11.7110591487
2001-10-21,19.9711413985,-28.1826810548,2.65897771997,-11.7738967107
2001-10-22,20.3844222415,-26.7611476213,1.51471400245,-12.110461674
2001-10-23,19.3192031519,-26.3530869774,0.93473068929,-11.8918061833
2001-10-24,18.4889331942,-25.5148036537,1.81982776745,-10.2698532416
2001-10-25,18.6050339737,-26.6394760915,2.28622644873,-10.6435166141
2001-10-26,19.2587275468,-25.6242213959,1.86835242943,-11.2351689654
2001-10-27,18.6596106997,-25.9395526096,2.60806901665,-10.635565192
2001-10-28,17.3368214214,-24.8754555553,3.82683014074,-11.5278719448
2001-10-29,17.230808325,-24.6466997525,3.43403036176,-10.3121267094
2001-10-30,15.3486716776,-25.7954185461,2.83940987905,-9.53715662582
2001-10-31,14.6245729528,-26.1000447316,1.54580414555,-9.28207401485
2001-11-01,13.7440164197,-26.3046830288,2.35126986596,-8.36131427058
2001-11-02,14.2076805748,-27.6802326221,3.28711418615,-7.17828222435
2001-11-03,13.9795159712,-27.0374791322,3.43624892939,-6.84353193798
2001-11-04,16.5824861867,-25.4815766866,2.55646598139,-6.91092136704
2001-11-05,17.4680010094,-25.956484073,2.07372927779,-6.92222233279
2001-11-06,17.8743961872,-27.0935194393,1.69881062769,-6.6113088453
2001-11-07,17.4595884457,-24.5123090207,2.41251511162,-6.51965710196
2001-11-08,16.3258114964,-23.943557511,2.93240235849,-4.7171342652
2001-11-09,15.2479547213,-24.8104366827,4.48921418962,-3.87429425717
2001-11-10,16.1816990539,-23.8503737073,4.12369885235,-3.72903877983
2001-11-11,15.23876176,-24.9359445906,4.12321467278,-4.46533268736
2001-11-12,15.8570718411,-24.5547908475,3.54817103096,-4.2189594957
2001-11-13,18.3662142741,-24.4445904439,2.51588956,-4.23994633134
2001-11-14,18.0025638673,-23.6218133051,5.07063233682,-4.04377884234
2001-11-15,18.7939766662,-21.9382324709,5.6791377115,-5.12590417038
2001-11-16,20.1039290824,-21.9539287323,6.12062501343,-5.17152541878
2001-11-17,18.6624270407,-22.2947947189,5.7377462859,-4.13723707038
2001-11-18,18.5301039911,-23.027249143,5.81746127451,-4.61912857855
2001-11-19,20.1093512507,-23.4452876047,4.91038456071,-4.83718628599
2001-11-20,19.8406390206,-22.4518551472,6.06195365506,-4.78465324709
2001-11-21,18.3480728988,-23.2957768296,5.04237330761,-5.07176235975
2001-11-22,18.5187943387,-23.8197332099,6.69070351527,-4.54379499601
2001-11-23,17.74705746,-24.1825135013,8.58565248805,-5.38315718263
2001-11-24,17.7360071059,-24.0440068875,8.72270428505,-4.70376557703
2001-11-25,18.5648603884,-23.8847371644,8.01740508132,-4.63831836906
2001-11-26,18.5870514813,-25.9078921917,7.65259463713,-4.89271367177
2001-11-27,19.380962794,-26.4311427719,7.31206980052,-6.39772142721
2001-11-28,18.1695120986,-26.1302120327,7.57794679112,-6.67812773474
2001-11-29,18.1664730134,-26.4149196125,7.02972121257,-4.8307478164
2001-11-30,17.5262673921,-27.8981906707,7.61450353036,-7.61327873755
2001-12-01,18.828343134,-27.2496109314,6.35473906869,-6.33367760821
2001-12-02,19.1646276042,-28.2855229681,5.73413275193,-5.52233081979
2001-12-03,19.4811514633,-28.4400996749,5.94167278866,-4.51004098925
2001-12-04,17.4366059974,-28.7874242724,6.45614598718,-3.62782520695
2001-12-05,16.0642566097,-29.7022677329,7.65286459818,-3.98405812946
2001-12-06,15.3999083318,-27.6790879915,7.86072968394,-3.88861251303
2001-12-07,15.6006869065,-27.1920404329,7.85974157861,-5.13447322392
2001-12-08,15.811956562,-27.6027335221,9.06403473682,-5.93102163386
2001-12-09,14.8735415959,-26.2420610176,9.82105451011,-6.81183511955
2001-12-10,14.5405557434,-25.9696866956,10.3617316577,-7.37539265689
2001-12-11,15.2153571019,-26.1028576938,10.5198676221,-7.66648965466
2001-12-12,15.4457250494,-25.6339847532,11.9098730841,-5.33932041265
2001-12-13,14.864152417,-26.9606865027,12.9280126812,-4.5785973465
2001-12-14,14.4922069587,-26.6168128428,14.6964772284,-5.39904144914
2001-12-15,12.0375174517,-27.9052301121,14.4153706853,-7.1022112827
2001-12-16,9.16670260774,-28.1151629479,16.0452348333,-7.58240390833
2001-12-17,8.82055770951,-27.5732141597,15.5074959878,-7.7722246877
2001-12-18,8.06335857137,-28.5283435139,16.3785630835,-9.14836717755
2001-12-19,7.40707377446,-28.5899223596,17.647543571,-9.02507163416
2001-12-20,9.23181079697,-28.3192923928,17.5412128987,-8.71697994535
2001-12-21,11.6870234188,-28.7447252964,16.3198733792,-9.09678978375
2001-12-22,10.9203816741,-28.2320486526,16.5153874704,-9.33050883836
2001-12-23,11.764198224,-27.0810647161,16.7607571027,-9.66651120601
2001-12-24,12.3074152351,-26.4082608512,16.764280876,-9.88525535504
2001-12-25,12.2962250219,-27.4779009927,15.4427299446,-9.00235685785
2001-12-26,11.4655395712,-27.6349386552,15.4752339951,-8.77377228028
2001-12-27,9.46922198118,-25.8549260637,14.3426921512,-7.64908708997
2001-12-28,8.53124772572,-26.3618924122,14.4125265094,-7.39616643069
2001-12-29,9.56496572615,-25.7957083388,14.352102433,-7.13645767917
2001-12-30,10.0586519698,-25.463789062,12.7870935995,-7.87721014545
2001-12-31,8.88268717375,-25.6529979646,12.6283350604,-7.11025672782
2002-01-01,10.0985367509,-25.7620127441,12.0185028317,-8.71676674939
2002-01-02,10.4144578501,-25.5080244465,10.9312883648,-8.58103821864
2002-01-03,12.1347593775,-25.3632970432,10.6766651852,-7.77576489446
2002-01-04,12.0495944588,-24.8679298159,11.5051233003,-7.53941820849
2002-01-05,12.0758240859,-22.6357685819,11.8820404839,-6.5607942328
2002-01-06,12.2781823927,-22.0204026516,13.0285735245,-6.53557847472
2002-01-07,13.5150743067,-22.1477675436,13.910187839,-5.91624012593
2002-01-08,15.0055304907,-23.3427485005,15.0518634187,-6.57815631568
2002-01-09,15.1997125624,-22.9058234504,15.2656202643,-7.51931078417
2002-01-10,15.6149253254,-21.9092560004,14.2502724137,-7.63968363731
2002-01-11,15.6654060314,-21.9771141205,13.9502219479,-6.89302446246
2002-01-12,14.2427505069,-22.6314016164,12.910508362,-7.26836410868
2002-01-13,15.8981864328,-24.1228331412,11.4034537811,-6.95591940011
2002-01-14,15.1558148971,-22.468097229,11.927257671,-8.26776167577
2002-01-15,15.3297298799,-22.5783275261,11.3349345637,-7.33064113169
2002-01-16,15.7812756355,-23.1912637693,12.562851176,-7.51155341176
2002-01-17,16.0391055389,-23.8157871384,12.9879280705,-7.25786034697
2002-01-18,17.4556568355,-23.3308270983,12.0907123899,-7.82697805606
2002-01-19,17.5862383055,-23.4669059263,11.2923985069,-7.40944599954
2002-01-20,19.2956410551,-23.2632368414,10.3914451243,-7.74641827107
2002-01-21,19.6036608233,-23.0706241208,11.4983506612,-7.40420176462
2002-01-22,18.9324927284,-23.4084163027,10.2298284948,-7.88225946268
2002-01-23,20.8401843291,-21.6577594782,11.4202848971,-7.38905996618
2002-01-24,22.5390394974,-21.897458447,11.1017400943,-6.92444055883
2002-01-25,23.0028620419,-20.8193292622,12.2148143095,-7.05811472826
2002-01-26,22.1675538407,-19.9271826032,12.054845047,-6.21120858711
2002-01-27,21.9142099981,-19.7136370393,12.7230987345,-7.80258213535
2002-01-28,22.4372910816,-21.0846070407,13.3930588451,-7.93837019045
2002-01-29,22.2586471973,-21.6613612479,14.2452252932,-7.80804154899
2002-01-30,21.9372339918,-21.7804064712,13.812819844,-6.97038516695
2002-01-31,21.7289229604,-21.5769614393,13.0336778611,-6.41712053381
2002-02-01,21.4828877148,-20.3581852076,13.0546872668,-4.69901917204
2002-02-02,21.5131061476,-19.3940357201,13.8241256611,-6.87726431358
2002-02-03,20.6065635974,-20.4136859984,14.044764704,-6.52473657795
2002-02-04,19.9754994007,-20.2773234942,14.5962307464,-6.82214072784
2002-02-05,20.2489819145,-20.0434598708,14.0273680238,-8.01836869207
2002-02-06,20.4587041765,-20.973014248,13.7925393574,-8.71989777566
2002-02-07,21.0543309789,-20.9597904635,13.2778035637,-8.54785043176
2002-02-08,21.442895745,-19.5734983862,12.5830904543,-9.05018679777
2002-02-09,19.3865623893,-16.6179810104,13.0353743619,-7.75758522597
2002-02-10,19.8452211009,-14.1968762364,14.1843510293,-6.16235816883
2002-02-11,19.3955691178,-13.8690602126,13.6812546968,-7.65942033099
2002-02-12,19.2840625256,-12.6803582247,12.5531531004,-7.59194415765
2002-02-13,19.2827456262,-12.8667328891,12.4482121736,-9.41598752348
2002-02-14,20.7665450993,-13.4917399215,13.0540220653,-9.29157147707
2002-02-15,18.8046095095,-12.9855277358,12.5573364824,-9.48324238631
2002-02-16,19.3833187137,-13.3262764765,13.0354854266,-8.96146318592
2002-02-17,19.109555757,-13.5551328618,12.7943685609,-10.2120769609
2002-02-18,20.7736348827,-14.3194275607,13.2086543438,-9.11281024172
2002-02-19,20.1798137145,-14.3698082656,13.4633745777,-10.7587873082
2002-02-20,20.6772704017,-14.6136527398,13.7535653491,-9.23931029731
2002-02-21,21.4254456935,-14.7513913741,13.1638051805,-9.80185875795
2002-02-22,22.6962621035,-13.8239306946,11.7584379231,-9.18823500054
2002-02-23,22.8015794091,-14.5592388388,11.2756821115,-10.2726463854
2002-02-24,22.917459617,-14.1927157725,11.4435747689,-10.0711712108
2002-02-25,23.0893098053,-13.2077110913,11.3068955306,-10.1558889233
2002-02-26,21.9585756311,-15.3587919928,11.1349852824,-8.752861155
2002-02-27,21.135034034,-14.4825767374,9.10916237208,-8.442988243
2002-02-28,19.9646429878,-14.1047973987,8.81859700885,-7.49380667792
2002-03-01,20.2030716747,-14.4652607136,9.7282031553,-8.17094393222
2002-03-02,21.0699611018,-15.6586826589,9.82976723992,-8.85384767734
2002-03-03,20.1252771503,-14.6877169818,10.9360466331,-8.07008518126
2002-03-04,19.6602551236,-13.5940368389,10.1298329081,-8.88257851295
2002-03-05,20.6342152151,-14.0618103459,10.400077159,-7.1197386307
2002-03-06,18.9114408601,-13.0309807347,10.4101117592,-7.27272096459
2002-03-07,19.8171693885,-13.7574956886,10.532043725,-6.27171852431
2002-03-08,19.8546878794,-14.2917291028,8.90776771013,-8.64328750958
2002-03-09,19.0068495302,-15.2436370442,8.27024079534,-11.2903119723
2002-03-10,17.8614864642,-14.6076609037,8.28892143199,-12.0802247551
2002-03-11,17.3655085833,-15.0393671875,7.99868136399,-11.6100310968
2002-03-12,15.4057374936,-14.7881032163,8.6138856846,-11.2476708388
2002-03-13,15.6119874256,-14.8603174861,7.34870069483,-10.8802572912
2002-03-14,15.252098063,-15.176550426,5.17931798405,-11.3231157638
2002-03-15,15.5015891718,-15.2756524397,3.47127618727,-11.3106153561
2002-03-16,15.8214237749,-16.2745240166,2.68220470938,-9.83721281852
2002-03-17,17.6229774479,-15.7852260402,2.9245025527,-9.28972545148
2002-03-18,17.8787740445,-14.7589727954,3.4315930044,-10.71578306
2002-03-19,20.1184177888,-14.8734630059,4.41388991231,-12.5769051522
2002-03-20,21.3231161446,-14.5220287226,4.79337869881,-13.4296860863
2002-03-21,22.5358956184,-13.8046289647,3.28025950924,-13.9380129032
2002-03-22,22.7378758915,-14.9795617881,3.43437324772,-14.1325363457
2002-03-23,21.3786533244,-15.8496406316,2.94131446981,-12.3427458939
2002-03-24,22.7205335856,-15.5105977496,3.72491339422,-11.245411472
2002-03-25,23.5603853616,-14.3724268377,2.50919753534,-10.3849752771
2002-03-26,21.778615911,-14.0139079755,4.02377271141,-9.43418422439
2002-03-27,19.0899233289,-13.2388668851,5.01260846552,-9.8612521841
2002-03-28,17.9238811169,-11.573549005,5.68370464283,-8.54049403448
2002-03-29,18.2061331937,-10.2916690747,4.99678108468,-9.49159648794
2002-03-30,18.5869335044,-10.461235586,4.32771443117,-7.82822017543
2002-03-31,19.0311732233,-9.70860989021,4.3453694695,-8.03887892422
2002-04-01,19.0844837245,-9.63286165936,4.2133664466,-8.41900448374
2002-04-02,18.7329313685,-9.9733475299,3.82874721448,-9.94304092998
2002-04-03,18.3326364093,-9.9268971518,2.03848466068,-9.74020516385
2002-04-04,19.8047870484,-9.58668872148,2.00601696338,-9.81856407417
2002-04-05,19.3776782129,-8.22662841361,1.5980229129,-9.62117313189
2002-04-06,18.2709608363,-7.59442735839,1.77964134538,-10.1782463153
2002-04-07,20.0316213085,-6.79896616825,3.77056904164,-9.73771184821
2002-04-08,19.6075754564,-6.45062181611,3.29226468103,-9.90941313452
2002-04-09,19.7867688967,-6.9513527531,3.006725614,-11.0110202274
2002-04-10,20.6635123433,-7.82047211887,2.76474573693,-10.5874207221
2002-04-11,18.3180574349,-6.64793822211,2.70436376856,-11.5051753433
2002-04-12,18.2020520448,-6.78359646802,2.8893439175,-10.6973473979
2002-04-13,17.2324617425,-5.76942798748,2.04484370364,-11.4526243841
2002-04-14,15.961480973,-4.49683778555,4.32504758174,-12.0888205367
2002-04-15,15.5386206152,-5.51482834839,4.54739527858,-11.570708346
2002-04-16,15.8569689433,-5.60597815326,4.21199495103,-10.4193632073
2002-04-17,17.5837722463,-4.97285012273,2.73208835266,-9.47227495267
2002-04-18,17.3246048873,-3.99369040205,4.40128242108,-9.74149085089
2002-04-19,16.5427842106,-3.88757415319,3.98490003531,-8.87904722705
2002-04-20,15.9717486015,-3.96388206159,4.1932424292,-9.27038631256
2002-04-21,15.6627908285,-5.85466405178,3.00630064977,-8.80151437833
2002-04-22,14.4984399938,-5.45783699181,2.36528687345,-9.1277182689
2002-04-23,13.2469230825,-5.61938010311,2.28949519596,-10.362044182
2002-04-24,12.8851266762,-4.42247491378,1.96981842944,-9.95218755092
2002-04-25,12.1851605194,-4.87558535146,3.39642099143,-8.24798784064
2002-04-26,12.2867507687,-3.30964182488,4.91107313563,-9.70904419138
2002-04-27,12.7018684658,-2.40086984026,5.63670247689,-10.7609172614
2002-04-28,13.7462908478,-4.01990868284,6.65126747189,-9.11522576613
2002-04-29,13.142650401,-5.75530460971,6.23741319165,-8.76859830653
2002-04-30,13.8334303641,-5.770044711,7.10224073133,-8.11914134077
2002-05-01,13.9795243117,-5.38403044726,6.55989738356,-7.72342997121
2002-05-02,13.6206716406,-6.30500674752,9.43967635842,-7.53662869331
2002-05-03,12.8911918427,-7.2263898984,10.1756813017,-8.94336289075
2002-05-04,13.3491570977,-6.46952047132,9.37245926418,-9.35932341651
2002-05-05,13.7125179312,-6.90012601669,10.7143339057,-6.45291660276
2002-05-06,13.8222616038,-6.57540260748,10.9668374789,-7.26449423116
2002-05-07,14.672719286,-7.34514313153,10.5681230043,-7.53424018159
2002-05-08,14.2205229922,-8.24768562759,9.97486752972,-7.50383378365
2002-05-09,13.369307484,-7.40078220919,10.6517443098,-8.60442341736
2002-05-10,12.8096679674,-7.94077801211,10.4811171096,-9.33606546935
2002-05-11,11.7051817656,-8.4386261653,10.5101494881,-8.01485801683
2002-05-12,12.5652148654,-9.6483669639,10.9807641371,-5.91389274616
2002-05-13,12.7095429024,-10.0706894817,10.5941926389,-6.13855896163
2002-05-14,12.2603553812,-10.2662247913,11.7482035889,-6.45791726695
2002-05-15,11.3758737893,-11.3717285863,12.1926327543,-6.62306325724
2002-05-16,11.1477945073,-11.75568055,12.222085972,-8.50783221064
2002-05-17,11.4839932983,-12.0029917307,12.812794706,-8.36646451091
2002-05-18,11.8789407446,-11.0051946826,13.2721643688,-8.85677794532
2002-05-19,13.0764289843,-11.7960807107,12.3240167892,-9.38513078814
2002-05-20,12.0799941477,-11.1163305519,11.1226460043,-8.45557952556
2002-05-21,13.755252214,-12.3477812341,10.5985223224,-7.66137934386
2002-05-22,14.4358283736,-11.525694394,10.8624461535,-7.32639677027
2002-05-23,14.6787910008,-13.0101343562,11.1951334859,-7.33295464519
2002-05-24,12.0956713469,-13.0046701933,10.6956432166,-6.17012139587
2002-05-25,13.0512749935,-13.5931886789,12.0122435358,-6.09963598717
2002-05-26,13.8832251581,-13.1743371852,12.8430813691,-6.11754342066
2002-05-27,16.6059038214,-14.1322660995,13.1741962467,-5.00102885592
2002-05-28,15.4409915503,-13.0891300578,14.181389323,-6.42145053142
2002-05-29,15.9123514795,-13.0429810947,15.1239588602,-6.87925072666
2002-05-30,16.3740735048,-14.2433655782,13.8821447155,-8.17867945583
2002-05-31,17.7043624586,-12.4094735662,12.7857575928,-7.29204906943
2002-06-01,17.4690204387,-12.400764766,12.621385824,-7.66270529325
2002-06-02,16.8401730947,-14.347798421,10.1752631108,-7.49213856352
2002-06-03,17.843868856,-15.1939377513,9.40875082348,-7.91768897962
2002-06-04,17.1062125257,-17.3477354388,10.5171888957,-8.07524163108
2002-06-05,16.9171098888,-18.0857440991,9.91302675233,-8.00448937654
2002-06-06,15.3413817701,-17.0793037745,9.38311150506,-6.53275759246
2002-06-07,14.2567718868,-17.7751155055,8.32763856495,-6.89807298282
2002-06-08,13.2260671124,-17.5306063269,8.87291269708,-5.25172091362
2002-06-09,13.4153922922,-17.5045474982,7.68700660829,-3.8018327992
2002-06-10,11.0364521001,-16.4157182909,6.63056459723,-4.50609140466
2002-06-11,11.2105057812,-17.4972459286,7.6224670193,-4.6981609303
2002-06-12,11.0096901029,-16.6774432622,6.01981334913,-3.91049709722
2002-06-13,10.2874543544,-15.7827721297,4.84756265752,-5.11508733777
2002-06-14,9.6751822497,-13.9159555679,4.52051454931,-5.67589440919
2002-06-15,8.14266002078,-15.0894786441,4.25987213018,-6.94831093167
2002-06-16,7.46497407211,-16.2650290231,6.19662201245,-9.94491661599
2002-06-17,8.15836490631,-17.6336568336,7.20477935058,-10.9178332558
2002-06-18,9.27188683609,-16.0590438215,8.85232792571,-13.0721672109
2002-06-19,8.89300375397,-15.4759249708,9.84567494228,-12.0885315686
2002-06-20,7.07253621589,-16.857280948,7.30089793714,-11.2125907901
2002-06-21,7.50894037942,-15.4021928525,7.81340988359,-10.662062287
2002-06-22,7.21121126939,-14.933146957,7.48580121087,-9.12086165876
2002-06-23,7.91911827631,-14.019382347,7.43797315955,-8.06552175299
2002-06-24,7.80337871543,-13.8509762753,7.71742154698,-7.47733574054
2002-06-25,7.99155238082,-14.7249879232,6.59568216681,-7.02759038687
2002-06-26,7.97287811065,-15.6185224206,6.91358263977,-6.05622189271
2002-06-27,8.95121837441,-15.3319880867,6.88529087626,-4.40788248346
2002-06-28,8.91702065159,-15.1393927458,5.31048610411,-4.7456656716
2002-06-29,10.2986440592,-14.2851376319,5.96920873421,-3.51192298955
2002-06-30,10.1734079194,-13.4280413149,7.56446689793,-4.30904733235
2002-07-01,9.18888344895,-12.7125980825,8.34658279436,-2.34664022788
2002-07-02,8.73305508283,-13.4864409833,9.47693194068,-4.18040164924
2002-07-03,9.42500013738,-12.8011491923,9.76711708803,-3.4605237236
2002-07-04,9.6220829958,-14.2313004456,9.81153243994,-3.39980742218
2002-07-05,9.19900951427,-17.4972719107,11.6265362156,-2.86990164058
2002-07-06,9.25359408167,-17.0366379293,10.7251679486,-3.22049970188
2002-07-07,8.61211129084,-18.6044636389,10.5115516594,-2.28307639
2002-07-08,10.1487630267,-17.3672619601,9.08869451293,-3.0015050453
2002-07-09,9.85189899212,-18.1928690296,10.4995572158,-2.91837531958
2002-07-10,10.9789935527,-17.9026900891,11.6801085437,-0.803707313077
2002-07-11,12.2613826353,-18.2915796881,9.23373542364,-1.03284576056
2002-07-12,13.6255353948,-19.8173062962,10.4821664884,-0.420513277471
2002-07-13,13.7725102123,-19.5782271925,11.7873749549,0.0037758959216
2002-07-14,14.1040327638,-18.9391028643,12.364709936,1.88194134336
2002-07-15,16.7440648504,-18.2174458598,11.374090311,2.37801385178
2002-07-16,16.6139401981,-17.459691211,11.9014502537,2.60226686548
2002-07-17,15.9002786956,-16.5976829667,11.161862554,2.8524670513
2002-07-18,17.3241379005,-17.2020579139,12.1957101973,1.67684574239
2002-07-19,17.8742077024,-17.1655360964,15.4636649826,1.29702837991
2002-07-20,17.3032007989,-18.9697684171,15.918566332,2.86784174276
2002-07-21,18.0594630542,-18.7248546457,14.9302281576,2.30160345443
2002-07-22,18.0944489192,-17.3597890536,14.9273607292,3.26114526246
2002-07-23,17.3566005331,-18.6385061157,14.3671882069,3.25641415123
2002-07-24,18.9571461994,-17.3782133097,14.0040263341,3.90326292327
2002-07-25,19.9169492943,-17.4550798794,12.59986427,3.88740208416
2002-07-26,20.0372289501,-17.2203689668,14.765979597,0.941389280172
2002-07-27,19.6109274852,-16.2804928265,14.8687011329,1.68474400474
2002-07-28,18.6583786492,-15.6345186685,16.3092427541,1.4212007005
2002-07-29,15.3911649051,-15.4105904097,18.80144408,1.75397537668
2002-07-30,14.3775597721,-13.6625269924,18.7561356325,1.21796069181
2002-07-31,14.399265259,-13.5376236422,20.1793266155,0.96007719675
2002-08-01,14.8266643307,-14.7778779123,20.5572405938,-0.799437925442
2002-08-02,17.2609243228,-13.8476369814,19.8223531863,-1.55772699908
2002-08-03,17.3825450162,-13.0586450308,18.6082878049,-4.00694701135
2002-08-04,17.7548196044,-11.9418218129,19.0074124577,-4.71088986387
2002-08-05,18.7466643444,-11.0678535162,19.5232492075,-5.04379099937
2002-08-06,16.8645271619,-10.2173039689,19.4454968932,-5.27912590812
2002-08-07,19.3015730355,-10.4125748104,18.7728938874,-6.81059315675
2002-08-08,20.2950503524,-10.4706848362,18.3050417182,-6.52598591451
2002-08-09,21.9075200213,-9.39683397238,18.6100534784,-5.14157454758
2002-08-10,20.824576534,-10.6466863426,17.3342288293,-5.13087878121
2002-08-11,20.425909202,-8.89211014865,15.9651686668,-5.80173584066
2002-08-12,21.5769384352,-10.5398069522,14.8782665772,-6.12381594617
2002-08-13,21.7028358477,-11.5995233425,14.5175518202,-6.09950699946
2002-08-14,21.3870548926,-12.8541407858,13.5741862068,-5.78003294395
2002-08-15,21.612201979,-13.5624524006,11.5255811721,-6.61236175211
2002-08-16,21.5925915036,-15.3509313448,11.4120051753,-6.79024174385
2002-08-17,21.2980279137,-15.7337719876,11.7599694735,-6.38628489515
2002-08-18,21.1971561437,-16.8022604225,11.4351591988,-6.61841023886
2002-08-19,21.4183100214,-17.6410665415,11.0514974274,-7.86327579837
2002-08-20,20.3085042468,-18.2072450643,9.79296749158,-8.29478592126
2002-08-21,20.0695965583,-19.1803302288,9.65952034799,-7.75351681735
2002-08-22,20.0124394606,-19.7657746577,9.34461196948,-8.97382676634
2002-08-23,19.7501161255,-20.4691283937,9.14330470298,-10.0480991916
2002-08-24,19.0556924503,-18.3719358489,8.65722217969,-10.2712214264
2002-08-25,19.0721715485,-18.127394965,8.8299398737,-9.72183434107
2002-08-26,17.5677117571,-18.9097812706,10.5731661131,-10.1418240939
2002-08-27,17.3539771134,-18.9563535241,10.9410147564,-9.37592191836
2002-08-28,16.2624509097,-17.3634131701,10.1421194461,-10.3960311599
2002-08-29,18.3831120898,-17.7278424117,9.34903279166,-7.80055581457
2002-08-30,18.1059754781,-17.6681805516,9.257912854,-8.17865373378
2002-08-31,18.1150619655,-18.1483061882,9.05946071135,-7.37711660325
2002-09-01,18.6944768094,-17.4682753086,9.79815044458,-6.11843531403
2002-09-02,18.431395123,-16.4048620991,9.69375420147,-6.26845600613
2002-09-03,20.281180377,-14.0130500508,8.62946220011,-8.1543301834
2002-09-04,21.4628866219,-12.2381876011,7.65090000229,-8.38418608749
2002-09-05,21.3812747529,-12.0682803548,6.45508197593,-7.63182275079
2002-09-06,21.9022075902,-12.6216362754,8.22041445176,-8.47313161481
2002-09-07,20.3511065777,-13.0448524745,8.79267746493,-8.38706929078
2002-09-08,21.7765428287,-13.7283611188,7.90315620172,-7.71034944968
2002-09-09,22.2872729507,-12.8078182782,8.33295267798,-6.6590856962
2002-09-10,22.2301382203,-13.4387624889,8.05507371693,-7.37949919983
2002-09-11,22.0812963297,-12.7782912589,8.7300178842,-7.77163351125
2002-09-12,21.6522922051,-12.9757890749,10.2656996561,-7.81719330578
2002-09-13,21.3508838283,-14.7266316218,9.7697342356,-6.61102972742
2002-09-14,21.8791691429,-16.3681777099,9.826283184,-6.289284957
2002-09-15,21.1534841572,-18.6128147561,9.54423116678,-4.71033721356
2002-09-16,21.9963523107,-17.3336319185,7.17201979243,-4.20768133434
2002-09-17,22.0160995196,-19.594507301,8.74278772752,-5.19659156459
2002-09-18,22.0639277397,-19.6924143109,8.8849596226,-6.22149335635
2002-09-19,21.4943336858,-19.0361550811,8.92634498382,-5.9842652157
2002-09-20,21.930664435,-19.4106949612,9.50533805931,-7.73300404596
2002-09-21,22.5200157723,-20.6175336121,8.31587263962,-7.78091130943
2002-09-22,21.707474832,-20.3008052477,7.30018348749,-7.82661756913
2002-09-23,20.3791434922,-20.9645298282,6.30984340429,-7.46637058389
2002-09-24,19.4985270177,-21.2788215694,5.87905873139,-8.68291317769
2002-09-25,18.8607482406,-21.3040484668,5.3091499878,-9.84977112804
2002-09-26,17.5798885389,-21.911976793,6.32520736748,-11.9364633375
